<?xml version="1.0" encoding="UTF-8"?>
<site>
   <feature id="tern.eclipse.ide.server.nodejs.embed">
      <category name="Tern - Embed Node.js"/>
   </feature>
   <feature id="tern-feature" version="0.0.0">
      <category name="Tern IDE"/>
   </feature>
   <bundle id="minimal-json" >
      <category name="Tern IDE"/>
   </bundle>
   <bundle id="minimatch.java" >
      <category name="Tern IDE"/>
   </bundle>
   <bundle id="javax.websocket-api">
      <category name="Tern IDE"/>
   </bundle>
   <bundle id="tern.eclipse.ide.debugger.nodeclipse">
      <category name="Tern Debuggers"/>
   </bundle>
   <bundle id="tern.eclipse.ide.debugger.webclipse">
      <category name="Tern Debuggers"/>
   </bundle>   
   <feature id="tern-jsdt-feature" version="0.0.0">
      <category name="Tern IDE"/>
   </feature>
   <feature id="tern-server-nodejs-feature" version="0.0.0">
      <category name="Tern IDE"/>
   </feature>
   <feature id="tern-linters-feature" version="0.0.0">
      <category name="Tern IDE"/>
   </feature>
   <feature id="tern.eclipse.ide.tools.feature" version="0.0.0">
      <category name="Tern Tooling"/>
   </feature>
   <feature id="tern.eclipse.ide.tools.feature.source" version="0.0.0">
      <category name="Tern Tooling Development Resources"/>
   </feature>
   <category-def name="Tern Debuggers" label="Tern Debuggers">
      <description>
         Provides JavaScript debuggers to debug tern server and modules.
      </description>
   </category-def>   
   <feature id="angularjs-eclipse-feature" version="0.0.0">
      <category name="AngularJS Eclipse Tooling"/>
   </feature>
   <feature id="angularjs-eclipse-feature.source" version="0.0.0">
      <category name="AngularJS Eclipse Tooling Development Resources"/>
   </feature>
   <feature id="angularjs-eclipse-jsp-feature" version="0.0.0">
      <category name="AngularJS support for JSP"/>
   </feature>
      <feature id="angularjs-eclipse-jsp-feature.source" version="0.0.0">
      <category name="AngularJS Eclipse Tooling Development Resources"/>
   </feature>
   <feature id="angularjs-eclipse-php-feature" version="0.0.0">
      <category name="AngularJS support for PHP (PDT)"/>
   </feature>
   <feature id="angularjs-eclipse-php-feature.source" version="0.0.0">
      <category name="AngularJS Eclipse Tooling Development Resources"/>
   </feature>
   <feature id="org.eclipse.wst.html.webresources.feature">
      <category name="WTP HTML - Web Resources"/>
   </feature>
   
   <category-def name="WTP HTML - Web Resources" label="WTP HTML - Web Resources">
     <description>
       Provides completion, hyperlink, hover inside WTP HTML editor for Web Resources (CSS, JS, Images)
     </description>
   </category-def>
   <category-def name="AngularJS Eclipse Tooling" label="AngularJS Eclipse Tooling">
     <description>
       Customizes Eclipse WTP HTML editor and JSDT JavaScript Editor with AngularJS features.
     </description>
   </category-def>     
   <category-def name="AngularJS support for JSP" label="AngularJS support for JSP">
     <description>
       Customizes Eclipse WTP JSP editor with AngularJS features.
     </description>
   </category-def>
   <category-def name="AngularJS support for PHP (PDT)" label="AngularJS support for PHP (PDT)">
     <description>
       Customizes Eclipse PHP editor (PDT) with AngularJS features. Please install PDT before.
     </description>
   </category-def>
   <category-def name="Tern - Embed Node.js" label="Tern - Embed Node.js">
      <description>
         Embed Node.js switch OS
      </description>
   </category-def>
   <category-def name="Tern IDE" label="Tern IDE"/>
   <category-def name="Tern Tooling" label="Tern Tooling"/>
   <category-def name="Tern Tooling Development Resources" label="Tern Tooling Development Resources"/>
   <category-def name="AngularJS Eclipse Tooling Development Resources" label="AngularJS Eclipse Tooling Development Resoures"/>
</site>
