<students>
    <student>
        <name>Tony Tester</name>
        <emailAddress>tony.tester_xml@gmail.com</emailAddress>
        <purchasedPackage>master</purchasedPackage>
    </student>
    <student>
        <name>Nick Newbie</name>
        <emailAddress>nick.newbie_xml@gmail.com</emailAddress>
        <purchasedPackage>starter</purchasedPackage>
    </student>
    <student>
        <name>Ian Intermediate</name>
        <emailAddress>ian.intermediate_xml@gmail.com</emailAddress>
        <purchasedPackage>intermediate</purchasedPackage>
    </student>
</students>