<?xml version="1.0" encoding="UTF-8"?>
<metadata modelVersion="1.1.0">
  <groupId>org.springframework.batch.samples</groupId>
  <artifactId>hello</artifactId>
  <version>1.0.0.BUILD-SNAPSHOT</version>
  <versioning>
    <snapshot>
      <localCopy>true</localCopy>
    </snapshot>
    <lastUpdated>20170216034425</lastUpdated>
    <snapshotVersions>
      <snapshotVersion>
        <classifier>shaded</classifier>
        <extension>jar</extension>
        <value>1.0.0.BUILD-SNAPSHOT</value>
        <updated>20170216034425</updated>
      </snapshotVersion>
      <snapshotVersion>
        <extension>jar</extension>
        <value>1.0.0.BUILD-SNAPSHOT</value>
        <updated>20170216034425</updated>
      </snapshotVersion>
      <snapshotVersion>
        <extension>pom</extension>
        <value>1.0.0.BUILD-SNAPSHOT</value>
        <updated>20170216034425</updated>
      </snapshotVersion>
    </snapshotVersions>
  </versioning>
</metadata>
